insert into ARTIST (ARTIST_ID, NAME) values (1, 'Cece Winans');
insert into ARTIST (ARTIST_ID, NAME) values (2, 'Carrie Underwood');
insert into ARTIST (ARTIST_ID, NAME) values (3, 'Josh Groban');
insert into ARTIST (ARTIST_ID, NAME) values (4, 'The Katinas');

insert into ALBUM (ALBUM_ID, GENRE, NO_OF_SONGS, TITLE, RELEASE_YR, ARTIST_ID) values (1, 'Gospel', 12, 'The Rising', 2010, 1);
insert into ALBUM (ALBUM_ID, GENRE, NO_OF_SONGS, TITLE, RELEASE_YR, ARTIST_ID) values (2, 'Gospel', 10, 'Waging War', 2009, 1);
insert into ALBUM (ALBUM_ID, GENRE, NO_OF_SONGS, TITLE, RELEASE_YR, ARTIST_ID) values (3, 'Country', 11, 'Untitled', 2011, 1);
insert into ALBUM (ALBUM_ID, GENRE, NO_OF_SONGS, TITLE, RELEASE_YR, ARTIST_ID) values (4, 'Country', 11, 'Knock Your Off', 2007, 2);
insert into ALBUM (ALBUM_ID, GENRE, NO_OF_SONGS, TITLE, RELEASE_YR, ARTIST_ID) values (5, 'Gospel', 11, 'Draw Me Close To You', 2010, 2);
insert into ALBUM (ALBUM_ID, GENRE, NO_OF_SONGS, TITLE, RELEASE_YR, ARTIST_ID) values (6, 'Country', 10, 'Jesus Take The Wheel', 2006, 2);
insert into ALBUM (ALBUM_ID, GENRE, NO_OF_SONGS, TITLE, RELEASE_YR, ARTIST_ID) values (7, 'Jazz', 10, 'Midnight Blue', 2009, 4);
insert into ALBUM (ALBUM_ID, GENRE, NO_OF_SONGS, TITLE, RELEASE_YR, ARTIST_ID) values (8, 'Gospel', 9, 'Lead Me', 2010, 4);
insert into ALBUM (ALBUM_ID, GENRE, NO_OF_SONGS, TITLE, RELEASE_YR, ARTIST_ID) values (9, 'Inspirational', 15, 'Inhabitable', 2007, 3);
insert into ALBUM (ALBUM_ID, GENRE, NO_OF_SONGS, TITLE, RELEASE_YR, ARTIST_ID) values (10, 'Inspirational', 12, 'Safe In His Arms', 2002, 3);
insert into ALBUM (ALBUM_ID, GENRE, NO_OF_SONGS, TITLE, RELEASE_YR, ARTIST_ID) values (11, 'Inspirational', 10, 'Raise Me Up', 2009, 3);

insert into HOUSE (HOUSE_ID, CITY, STREET, ZIP, ARTIST_ID) values (1, 'Long Island', '123 Foo St', '20001', 1);
insert into HOUSE (HOUSE_ID, CITY, STREET, ZIP, ARTIST_ID) values (2, 'Manhattan', '313 Bar St', '20013', 1);
insert into HOUSE (HOUSE_ID, CITY, STREET, ZIP, ARTIST_ID) values (3, 'Bowie', '9 Baz St', '20720', 2);
insert into HOUSE (HOUSE_ID, CITY, STREET, ZIP, ARTIST_ID) values (4, 'Vienna', '10 Mount Pillar', '20002', 3);
insert into HOUSE (HOUSE_ID, CITY, STREET, ZIP, ARTIST_ID) values (6, 'Long Island', '98 M St', '20001', 3);
insert into HOUSE (HOUSE_ID, CITY, STREET, ZIP, ARTIST_ID) values (7, 'DC', '5th St NW', '20554', 4);
